{
    "_ColorR": 1.0,
    "_ColorG": 1.0,
    "_ColorB": 1.0,
    "_RampLevels": 4.0,
    "_LightScalar": 1.4500000476837159,
    "_HighColorR": 0.4674261212348938,
    "_HighColorG": 0.6524015069007874,
    "_HighColorB": 0.9811320900917053,
    "_HighIntensity": 2.4100000858306886,
    "_LowColorR": 0.26223739981651308,
    "_LowColorG": 0.31207773089408877,
    "_LowColorB": 0.6698113083839417,
    "_LowIntensity": 0.5400000214576721,
    "_OutlineColorR": 0.0,
    "_OutlineColorG": 0.0,
    "_OutlineColorB": 0.0,
    "_OutlineSize": 10.0,
    "_RimColorR": 1.0,
    "_RimColorG": 1.0,
    "_RimColorB": 1.0,
    "_RimAlpha": 0.0,
    "_RimPower": 0.0,
    "_RimDropOff": 0.0,
    "_FresnelColorR": 1.0,
    "_FresnelColorG": 1.0,
    "_FresnelColorB": 1.0,
    "_FresnelBrightness": 0.0,
    "_FresnelPower": 0.0,
    "_FresnelShadowDropoff": 0.0,
    "_GradYCap": 0.0,
    "_GradIntensity": 0.0
}